Subregion,Year,StreamName,Total_fish_sampled,Number_H_fish,Total_strays_by_subregion,Total_strays_all_SEAK,Number.of.surveys,Avg_number_strays,Fishery_harvest,Cons_Abundance,Cons_Density,Pink_Abundance,Pink_Density,WMA_Releases_by_Yr,Dist_nearest_H,Dist_nearest_R,mean_flow,CV_flow
NSE Inside,2008,Big Goose Creek,172,0,9,20,3,0,5745325,900,356.0293548,0,0,NA,117,117,9.78,0.5
NSE Inside,2008,Freshwater Creek,5,0,9,20,1,0,5745325,1000,151.6603507,9500,1440.773331,NA,90,90,1.53,0.56
NSE Inside,2008,Kennel Creek,2,0,9,20,1,0,5745325,400,93.47886526,3500,817.940071,NA,84,84,6.55,0.53
NSE Inside,2008,Long Bay Head,140,1,9,20,2,0.5,5745325,18864.28571,5704.588253,4500,1360.80674,NA,109,109,7.93,0.52
NSE Inside,2008,Ralphs Creek,189,6,9,20,2,3,5745325,3873.015866,2902.95247,18000,13491.5906,87.49930001,20,20,3.16,0.47
NSE Inside,2008,Saltery Bay,26,1,9,20,1,1,5745325,1057.692306,326.7607449,4500,1390.218444,NA,94,94,11.7,0.49
NSE Inside,2008,Seagull Creek,3,0,9,20,2,0,5745325,75,18.33411759,110,26.89003914,NA,135,84,15.26,0.51
NSE Inside,2008,Seal Bay Head,188,0,9,20,2,0,5745325,6050,2014.672173,5000,1665.018325,NA,106,106,7.53,0.51
NSE Inside,2008,Tenakee Inlet Head,146,1,9,20,2,0.5,5745325,2780.821918,1176.131709,0,0,NA,131,131,13.18,0.51
NSE Inside,2009,Admiralty Creek,117,48,388,416,2,24,5840537,294.8717922,105.0115608,18000,6410.270984,34.92307281,41,31,6.85,0.56
NSE Inside,2009,Chaik Bay Creek,11,3,388,416,2,1.5,5840537,945.4545349,226.2520634,23000,5504.016603,87.93296751,29,29,4.17,0.48
NSE Inside,2009,Chilkat River,115,0,388,416,2,0,61589,25000,9939.254272,14098.67,4847.376714,1.79902,13,13,NA,NA
NSE Inside,2009,Fish Creek,192,168,388,416,2,84,5840537,132.25,54.8991343,5365.83,5061.308333,35.07301874,56,24,2.91,0.64
NSE Inside,2009,Game Creek,117,5,388,416,2,2.5,5840537,1435.897434,96.48251639,39500,2654.130655,NA,126,74,15.63,0.55
NSE Inside,2009,Herman Creek,36,0,388,416,1,0,5840537,1165,319.3293232,14098.67,3341.995455,1.79902,20,1,NA,NA
NSE Inside,2009,Kadashan River,13,0,388,416,2,0,5840537,500,78.57206096,33000,5185.756023,NA,83,83,11,0.51
NSE Inside,2009,Kennel Creek,11,0,388,416,1,0,5840537,1500,350.5457447,16000,3739.15461,NA,84,84,6.55,0.53
NSE Inside,2009,Mole River,12,3,388,416,1,3,5840537,708,215.5079555,25000,7609.744192,NA,90,75,3.54,0.52
NSE Inside,2009,Ralphs Creek,93,9,388,416,1,9,5840537,1987.096781,1489.394236,87000,65209.35457,88.22207917,20,20,3.16,0.47
NSE Inside,2009,Robinson Creek,82,14,388,416,1,14,5840537,1990.2439,319.2326561,40600,6512.189706,49.33743573,78,23,5.87,0.58
NSE Inside,2009,Sawmill Creek,149,116,388,416,1,116,5840537,221.4764953,151.060264,7000,4774.420177,49.16514456,88,16,2.18,0.63
NSE Inside,2009,Seal Bay Head,182,5,388,416,2,2.5,5840537,3646.978021,1214.457047,36500,12154.63377,NA,106,106,7.53,0.51
NSE Inside,2009,St. James Bay NW Side,94,15,388,416,1,15,5840537,420.212768,254.6963109,5300,3212.397506,49.28779869,98,15,13.88,0.58
NSE Inside,2009,Swan Cove Creek,10,2,388,416,1,2,5840537,319.9999988,162.7003412,6000,3050.631409,NA,128,113,7.33,0.58
NSE Inside,2010,Admiralty Creek,113,14,369,557,2,7,3977448,262.8318584,93.60130198,7500,2670.946243,35.77763189,41,31,6.85,0.56
NSE Inside,2010,Cannery Cove-Pybus Bay,214,38,369,557,2,19,3977448,641.4953271,450.4320473,10700,7513.106803,NA,44,44,0.32,0.54
NSE Inside,2010,Chaik Bay Creek,165,9,369,557,2,4.5,3977448,850.9090909,203.6268593,12700,3039.174385,86.66574754,29,29,4.17,0.48
NSE Inside,2010,Dry Bay Creek,146,19,369,557,1,19,3977448,1544.876712,512.103137,15300,5071.717332,0,79,81,2.62,0.61
NSE Inside,2010,Fish Creek,94,66,369,557,1,66,3977448,227.5744681,94.46987741,4151.93,4465.997991,41.02897935,56,24,2.91,0.64
NSE Inside,2010,Freshwater Creek,95,11,369,557,1,11,3977448,618.9473684,93.86977493,11400,1728.927997,NA,90,90,1.53,0.56
NSE Inside,2010,Glen Creek,50,4,369,557,1,4,3977448,782,306.263052,26700,10456.80753,NA,82,84,23.03,0.57
NSE Inside,2010,Kadashan River,12,2,369,557,1,2,3977448,666.6666667,104.7627479,13000,2042.873585,NA,83,83,11,0.51
NSE Inside,2010,Mole River,44,7,369,557,1,7,3977448,2102.272727,639.910307,68000,20698.5042,NA,90,75,3.54,0.52
NSE Inside,2010,Prospect Creek,152,28,369,557,2,14,3977448,2365.789474,701.8833889,20000,5933.608182,14.79656964,64,23,2.7,0.6
NSE Inside,2010,Ralphs Creek,95,5,369,557,1,5,3977448,2463.157895,1846.217661,18000,13491.5906,88.08050957,20,20,3.16,0.47
NSE Inside,2010,Rowan Creek,26,1,369,557,1,1,3977448,522.1153846,95.27894925,33000,1963.266141,NA,53,53,8.86,0.52
NSE Inside,2010,Saginaw Creek,57,10,369,557,2,5,3977448,494.7368421,214.3206737,37000,16028.45039,26.00258777,34,28,4.11,0.53
NSE Inside,2010,Sample Creek,224,14,369,557,2,7,3977448,4031.25,1884.129165,9000,4206.427903,NA,46,46,1.13,0.54
NSE Inside,2010,Saook Bay West Head,93,9,369,557,1,9,3977448,2167.741935,354.1713779,27000,4411.331002,NA,42,42,8.56,0.5
NSE Inside,2010,Sawmill Creek,83,39,369,557,3,13,3977448,106.0240964,72.31479787,5800,3955.948147,58.03281068,88,16,2.18,0.63
NSE Inside,2010,Seal Bay Head,188,5,369,557,2,2.5,3977448,2725.531915,907.6121166,7500,2497.527487,NA,106,106,7.53,0.51
NSE Inside,2010,Snug Cove-Gambier Bay,138,14,369,557,2,7,3977448,628.9855072,253.7234577,28900,11657.83288,NA,65,65,1.53,0.56
NSE Inside,2010,Swan Cove Creek,189,17,369,557,2,8.5,3977448,216.5925926,110.1240277,34100,17337.75517,NA,128,113,7.33,0.58
NSE Inside,2010,Weir Creek N Arm Hood Bay,21,1,369,557,2,0.5,3977448,952.3809524,458.0530246,2500,1202.389189,NA,43,43,11.1,0.48
NSE Inside,2010,Wilson River,122,56,369,557,1,56,3977448,548.557377,91.13145247,10100,1677.905919,87.42701615,14,15,6.05,0.48
NSE Inside,2011,Admiralty Creek,190,21,219,220,2,10.5,5370500,650.2052631,231.5551073,45000,16025.67746,35.79959544,41,31,6.85,0.56
NSE Inside,2011,Amber Creek,88,5,219,220,2,2.5,5370500,282.9545449,128.7141639,39500,17968.29054,NA,47,47,1.7,0.55
NSE Inside,2011,Game Creek,63,0,219,220,2,0,5370500,2500,167.9829529,79000,5308.261311,NA,126,74,15.63,0.55
NSE Inside,2011,Kadashan River,1,0,219,220,1,0,5370500,500,78.57206096,26000,4085.74717,NA,83,83,11,0.51
NSE Inside,2011,Lauras Creek,208,2,219,220,2,1,5370500,1077.538461,319.7804387,40000,11870.77586,NA,74,75,5.41,0.58
NSE Inside,2011,Mole River,121,13,219,220,2,6.5,5370500,1695.867775,516.2047981,65000,19785.3349,NA,90,75,3.54,0.52
NSE Inside,2011,North Arm Creek,149,13,219,220,2,6.5,5370500,1208.483217,636.2627147,3100,1632.140511,NA,141,56,NA,NA
NSE Inside,2011,Saginaw Creek,17,0,219,220,1,0,5370500,300,129.9604085,54000,23392.87353,18.37616,34,28,4.11,0.53
NSE Inside,2011,Sample Creek,188,1,219,220,2,0.5,5370500,656.4893618,306.8305744,15000,7010.713172,NA,46,46,1.13,0.54
NSE Inside,2011,Sanborn Creek,191,3,219,220,1,3,5370500,1968.586389,588.4596762,92000,27501.09953,NA,77,78,4.5,0.55
NSE Inside,2011,Saook Bay West Head,146,1,219,220,2,0.5,5370500,1410.273973,230.4142703,210000,34310.35224,NA,42,42,8.56,0.5
NSE Inside,2011,Sawmill Creek,209,137,219,220,2,68.5,5370500,688.9952421,469.9361122,27000,18415.62068,60.70433793,88,16,2.18,0.63
NSE Inside,2011,Seal Bay Head,176,3,219,220,3,1,5370500,6389.204542,2127.628528,40000,13320.1466,NA,106,106,7.53,0.51
NSE Inside,2011,Snug Cove-Gambier Bay,49,3,219,220,2,1.5,5370500,93.87755096,37.86881663,29500,11899.86402,NA,65,65,1.53,0.56
NSE Inside,2011,Tenakee Inlet Head,139,0,219,220,2,0,5370500,2500,1057.359787,18000,7612.990469,NA,131,131,13.18,0.51
NSE Inside,2011,Weir Creek N Arm Hood Bay,62,2,219,220,2,1,5370500,483.8709682,232.7204885,17000,8176.246488,NA,43,43,11.1,0.48
NSE Inside,2011,Wilson River,60,15,219,220,2,7.5,5370500,1875,311.4924355,53000,8804.852844,86.26498693,14,15,6.05,0.48
NSE Inside,2013,Admiralty Creek,403,17,878,965,9,1.888888889,7232768,1628.287841,579.8759056,15200,5413.11772,25.30304295,41,31,6.85,0.56
NSE Inside,2013,Chaik Bay Creek,580,2,878,965,3,0.666666667,7232768,19432.75862,4650.357656,44500,10649.0756,79.30765533,29,29,4.17,0.48
NSE Inside,2013,Chuck River,445,6,878,965,2,3,7232768,7004.269662,750.4629214,119200,12771.52145,NA,89,76,8.91,0.54
NSE Inside,2013,East of Snug Cove,176,0,878,965,2,0,7232768,1417,360.2841839,5000,1271.29211,NA,63,63,0.65,0.58
NSE Inside,2013,Fish Creek,756,481,878,965,5,96.2,7232768,45.46957463,18.87516283,3287.93,7531.44701,44.12454816,56,24,2.91,0.64
NSE Inside,2013,Freshwater Creek,169,3,878,965,2,1.5,7232768,5893.491,899.1933215,10000,1516.603507,NA,90,90,1.53,0.56
NSE Inside,2013,Game Creek,28,1,878,965,2,0.5,7232768,14946.42855,1004.298081,52000,3494.04542,NA,126,74,15.63,0.55
NSE Inside,2013,Glen Creek,146,4,878,965,2,2,7232768,1847.945206,723.7306121,38500,15078.16816,NA,82,84,23.03,0.57
NSE Inside,2013,Greens Creek,68,0,878,965,2,0,7232768,1810,610.0049,50000,16850.96409,NA,99,56,5.78,0.58
NSE Inside,2013,Johnston Creek,128,4,878,965,4,1,7232768,1162.5,189.8625652,20500,3348.114053,NA,73,73,5.66,0.52
NSE Inside,2013,Kadashan River,63,0,878,965,4,0,7232768,21000,3300.02656,53500,8407.210522,NA,83,83,11,0.51
NSE Inside,2013,King Salmon River,281,7,878,965,2,3.5,7232768,3900.355875,714.8676082,54000,9897.263757,NA,136,118,7.64,0.55
NSE Inside,2013,Little Goose Creek,136,0,878,965,2,0,7232768,8100,2059.493218,55003,13984.97598,NA,119,119,9.78,0.5
NSE Inside,2013,North Arm Creek,440,19,878,965,2,9.5,7232768,1895.456819,997.9522133,2500,1316.242348,NA,141,56,NA,NA
NSE Inside,2013,Petrof Bay W Head,469,0,878,965,2,0,7232768,858,586.8376842,7900,5403.284039,NA,49,48,1.17,0.56
NSE Inside,2013,Prospect Creek,472,113,878,965,5,22.6,7232768,532.4152544,157.9571755,7300,2165.766986,14.41076555,64,23,2.7,0.6
NSE Inside,2013,Ralphs Creek,439,3,878,965,2,1.5,7232768,9236.446469,6923.019687,59000,44222.43586,77.39456685,20,20,3.16,0.47
NSE Inside,2013,Rodman Creek,468,5,878,965,3,1.666666667,7232768,15136.53846,1749.778655,57000,6589.180452,NA,54,54,6.73,0.5
NSE Inside,2013,Saginaw Bay S Head,103,1,878,965,2,0.5,7232768,1485,457.838598,25000,7630.643299,54.03378,34,29,1.62,0.53
NSE Inside,2013,Sawmill Creek,425,192,878,965,4,48,7232768,1011.494123,689.8997071,10800,7366.248273,57.96020847,88,16,2.18,0.63
NSE Inside,2013,Seal Bay Head,474,2,878,965,2,1,7232768,22106.32912,7361.488615,132000,43956.48377,NA,106,106,7.53,0.51
NSE Inside,2013,Swan Cove Creek,192,5,878,965,2,2.5,7232768,584.3750004,297.1187885,16100,8185.860947,NA,128,113,7.33,0.58
NSE Inside,2013,Ushk Bay W End,466,4,878,965,3,1.333333333,7232768,1982.832618,484.0157133,37000,9031.817023,NA,72,72,4.38,0.48
NSE Inside,2013,Whitewater Creek,232,9,878,965,2,4.5,7232768,2210.776,1368.066888,32150,19205.98025,79.30765533,21,21,2.41,0.49
NSE Inside,2014,Admiralty Creek,256,12,1844,1906,14,0.857142857,3058649,142.96875,50.91491276,700,249.288316,25.49650002,41,31,6.85,0.56
NSE Inside,2014,Chaik Bay Creek,52,0,1844,1906,3,0,3058649,6500,1555.482953,7000,1675.135488,79.30765,29,29,4.17,0.48
NSE Inside,2014,Chuck River,89,3,1844,1906,3,1,3058649,1739.325843,186.3576956,24000,2571.447272,NA,89,76,8.91,0.54
NSE Inside,2014,East of Snug Cove,12,0,1844,1906,1,0,3058649,1400,355.9617907,710,180.5234796,NA,63,63,0.65,0.58
NSE Inside,2014,Fish Creek,2552,1742,1844,1906,19,91.68421053,3058649,452.6097178,187.8856838,974.93,1927.708782,43.83923939,56,24,2.91,0.64
NSE Inside,2014,Freshwater Creek,115,2,1844,1906,3,0.666666667,3058649,678,102.8257177,400,60.66414026,NA,90,90,1.53,0.56
NSE Inside,2014,Game Creek,116,0,1844,1906,5,0,3058649,500,33.59659057,500,33.59659057,NA,126,74,15.63,0.55
NSE Inside,2014,Glen Creek,2,0,1844,1906,1,0,3058649,1500,587.4610971,13800,5404.642093,NA,82,84,23.03,0.57
NSE Inside,2014,Greens Creek,1,0,1844,1906,1,0,3058649,876,295.2288908,1000,337.0192818,NA,99,56,5.78,0.58
NSE Inside,2014,Johnston Creek,24,0,1844,1906,2,0,3058649,250,40.83065918,30500,4981.34042,NA,73,73,5.66,0.52
NSE Inside,2014,Kadashan River,17,1,1844,1906,4,0.25,3058649,1411.764706,221.8505251,2900,455.7179536,NA,83,83,11,0.51
NSE Inside,2014,King Salmon River,288,1,1844,1906,3,0.333333333,3058649,3786.805556,694.0558034,17200,3152.461789,NA,136,118,7.64,0.55
NSE Inside,2014,Little Goose Creek,15,0,1844,1906,2,0,3058649,1190,302.5675221,2750,699.2106603,NA,119,119,9.78,0.5
NSE Inside,2014,North Arm Creek,250,8,1844,1906,3,2.666666667,3058649,629.2,331.2718741,1500,789.7454086,NA,107,56,NA,NA
NSE Inside,2014,Petrof Bay W Head,376,2,1844,1906,2,1,3058649,596.8085106,408.1931518,7100,4856.116035,NA,49,48,1.17,0.56
NSE Inside,2014,Prospect Creek,467,34,1844,1906,16,2.125,3058649,509.9571734,151.2943028,4300,1275.725759,14.01270603,64,23,2.7,0.6
NSE Inside,2014,Ralphs Creek,293,1,1844,1906,3,0.333333333,3058649,10464.16382,7843.234124,1500,1124.299217,79.30765533,20,20,3.16,0.47
NSE Inside,2014,Rodman Creek,111,1,1844,1906,3,0.333333333,3058649,2180.18018,252.0280811,15000,1733.994856,NA,54,54,6.73,0.5
NSE Inside,2014,Saginaw Bay S Head,19,3,1844,1906,2,1.5,3058649,422.7368421,129.0301621,7000,2136.580124,44.60116371,34,29,1.62,0.53
NSE Inside,2014,Sawmill Creek,124,19,1844,1906,10,1.9,3058649,522.4596774,356.3488608,377,257.1366295,57.352632,88,16,2.18,0.63
NSE Inside,2014,Seal Bay Head,355,10,1844,1906,6,1.666666667,3058649,4373.239437,1456.30476,30000,9990.109948,NA,106,106,7.53,0.51
NSE Inside,2014,Swan Cove Creek,93,0,1844,1906,1,0,3058649,6000,3050.631409,4000,2033.754273,NA,128,113,7.33,0.58
NSE Inside,2014,Ushk Bay W End,35,1,1844,1906,3,0.333333333,3058649,291.4285714,71.13863601,5000,1220.515814,NA,72,72,4.38,0.48
NSE Inside,2014,Whitewater Creek,46,4,1844,1906,2,2,3058649,365.2173913,218.1759877,3500,2090.853215,80.99064636,21,21,2.41,0.49
NSE Inside,2015,Admiralty Creek,194,22,988,1089,3,7.333333333,3596149,443.2989694,157.8703623,13050,4647.446463,34.24745451,41,31,6.85,0.56
NSE Inside,2015,Chaik Bay Creek,395,9,988,1089,4,2.25,3596149,4397.468353,1052.336471,72100,17253.89553,78.46141094,29,29,4.17,0.48
NSE Inside,2015,Chuck River,150,15,988,1089,2,7.5,3596149,4049.999993,433.9317264,149100,15975.11618,NA,89,76,8.91,0.54
NSE Inside,2015,East of Snug Cove,344,15,988,1089,2,7.5,3596149,829.1947688,210.8297534,6700,1703.531427,NA,63,63,0.65,0.58
NSE Inside,2015,Fish Creek,608,486,988,1089,3,162,3596149,309.2138303,128.3597096,6156.93,7305.041216,44.54158071,56,24,2.91,0.64
NSE Inside,2015,Freshwater Creek,134,4,988,1089,4,1,3596149,1455.223882,220.6997642,17700,2684.388207,NA,90,90,1.53,0.56
NSE Inside,2015,Game Creek,496,5,988,1089,4,1.25,3596149,4949.596776,332.5791528,84000,5644.227216,NA,126,74,15.63,0.55
NSE Inside,2015,Glen Creek,5,2,988,1089,1,2,3596149,539.9999946,211.4859928,39000,15273.98852,NA,82,84,23.03,0.57
NSE Inside,2015,Greens Creek,257,10,988,1089,3,3.333333333,3596149,1501.221792,505.9406901,15500,5223.798867,NA,99,56,5.78,0.58
NSE Inside,2015,Johnston Creek,495,3,988,1089,2,1.5,3596149,695.7575759,113.6329618,58000,9472.712929,NA,73,73,5.66,0.52
NSE Inside,2015,Kadashan River,5,1,988,1089,1,1,3596149,3531.199987,554.9073213,4000,628.5764877,NA,83,83,11,0.51
NSE Inside,2015,King Salmon River,304,3,988,1089,3,1,3596149,11881.57895,2177.687421,63500,11638.44905,NA,136,118,7.64,0.55
NSE Inside,2015,Little Goose Creek,14,0,988,1089,3,0,3596149,19000,4830.910017,90000,22883.25798,NA,119,119,9.78,0.5
NSE Inside,2015,North Arm Creek,354,13,988,1089,3,4.333333333,3596149,1177.124295,619.7523382,5800,3053.682247,NA,107,56,NA,NA
NSE Inside,2015,Petrof Bay W Head,399,6,988,1089,2,3,3596149,511.1954885,349.6372688,8300,5676.868041,NA,49,48,1.17,0.56
NSE Inside,2015,Prospect Creek,109,56,988,1089,3,18.66666667,3596149,2090.825719,620.3070296,41500,12312.23698,14.32017838,64,23,2.7,0.6
NSE Inside,2015,Ralphs Creek,429,1,988,1089,3,0.333333333,3596149,1606.247086,1203.934894,28000,20986.91871,80.99064636,20,20,3.16,0.47
NSE Inside,2015,Rodman Creek,373,3,988,1089,4,0.75,3596149,1820.241287,210.4192685,61000,7051.57908,NA,54,54,6.73,0.5
NSE Inside,2015,Saginaw Bay S Head,33,5,988,1089,3,1.666666667,3596149,759.3939354,231.7865698,14300,4364.727967,44.2322257,34,29,1.62,0.53
NSE Inside,2015,Sawmill Creek,560,290,988,1089,22,13.18181818,3596149,530.3571522,361.7354126,32000,21825.92081,61.67754602,88,16,2.18,0.63
NSE Inside,2015,Seal Bay Head,314,1,988,1089,4,0.25,3596149,11961.78344,3983.317725,37000,12321.1356,NA,106,106,7.53,0.51
NSE Inside,2015,Swan Cove Creek,327,3,988,1089,4,0.75,3596149,707.4495416,359.694632,18500,9406.11351,NA,128,113,7.33,0.58
NSE Inside,2015,Ushk,216,1,988,1089,2,0.5,3596149,2890.909465,1190.862317,38000,15653.4712,NA,72,72,4.38,0.48
NSE Inside,2015,Ushk Bay W End,32,0,988,1089,2,0,3596149,140,34.17444279,27000,6590.785395,NA,72,72,4.38,0.48
NSE Inside,2015,Whitewater Creek,388,34,988,1089,2,17,3596149,2009.953613,1200.719421,20300,12126.94865,79.04566616,21,21,2.41,0.49
NSE Inside,2017,Admiralty Creek,854,31,2210,2210,16,1.9375,6054959,481.8501174,171.5994348,18000,6410.270984,35.22414217,41,31,6.85,0.56
NSE Inside,2017,Fish Creek,1875,1067,2210,2210,17,62.76470588,6054959,818.7733769,339.8861972,6188.41,6538.00233,42.25344789,56,24,2.91,0.64
NSE Inside,2017,Prospect Creek,1411,550,2210,2210,18,30.55555556,6054959,1098.369956,325.8648479,50000,14834.02045,14.86149052,64,23,2.7,0.6
NSE Inside,2017,Sawmill Creek,1949,562,2210,2210,15,37.46666667,6054959,1032.599803,704.2950477,3000,2046.180076,64.74000791,88,16,2.18,0.63
NSE Inside,2018,Admiralty Creek,38,6,400,400,8,0.75,3477804,572.6315832,203.9290901,900,320.5135492,34.11065014,41,31,6.85,0.56
NSE Inside,2018,Fish Creek,956,344,400,400,19,18.10526316,3477804,349.5313761,145.0961812,742.41,1930.792124,39.99117715,56,24,2.91,0.64
NSE Inside,2018,Prospect Creek,89,16,400,400,15,1.066666667,3477804,1394.382019,413.6858278,3500,1038.381432,14.53103119,64,23,2.7,0.6
NSE Inside,2018,Sawmill Creek,98,34,400,400,15,2.266666667,3477804,327.1836668,223.1589,697,475.3958376,60.4050852,88,16,2.18,0.63
NSE Inside,2019,Fish Creek,1452,301,767,767,16,18.8125,3497428,831.5420109,345.1866656,1886.14,2316.147237,32.63028852,56,24,2.91,0.64
NSE Inside,2019,Prospect Creek,1055,332,767,767,28,11.85714286,3497428,2398.578241,711.6111738,9500,2818.463886,13.2601975,64,23,2.7,0.6
NSE Inside,2019,Sawmill Creek,244,134,767,767,13,10.30769231,3497428,85.20491785,58.11486842,2000,1364.120051,53.59154572,88,16,2.18,0.63
NSE Outside,2008,Ford Arm Creek,184,2,11,20,5,0.4,1072552,8382.880433,2675.31977,83000,26488.69236,NA,82,83,4.38,0.47
NSE Outside,2008,Sister Lake SE Head,192,1,11,20,2,0.5,1072552,14822.39583,10134.08809,57000,38970.96175,NA,92,91,3.1,0.43
NSE Outside,2008,W Crawfish NE Arm Hd,192,8,11,20,2,4,1072552,4120.833,1205.637931,46000,13102.24462,0,49,50,9.79,0.44
NSE Outside,2009,Camp Coogan,94,4,12,416,1,4,758381,2780.425536,1718.953104,15000,9273.507322,59.01484484,7,8,1.16,0.5
NSE Outside,2009,Ford Arm Creek,269,8,12,416,5,1.6,758381,801.710037,255.8584402,83000,26488.69236,NA,82,83,4.38,0.47
NSE Outside,2009,W Crawfish NE Arm Hd,96,0,12,416,1,0,758381,3500,996.9099171,30000,8544.942146,0,49,50,9.79,0.44
NSE Outside,2010,Black River,92,0,50,557,1,0,1756538,7500,963.3755022,95000,12202.75636,NA,97,97,8.8,0.46
NSE Outside,2010,Ford Arm Creek,291,48,50,557,5,9.6,1756538,496.8557,182.058352,123000,39254.32724,NA,82,83,4.38,0.47
NSE Outside,2010,Whale Bay Great Arm Head,95,2,50,557,1,2,1756538,2369.052632,2381.440119,7000,7036.602146,NA,85,84,10.76,0.4
NSE Outside,2013,Ford Arm Creek,401,6,25,965,2,3,2629839,1300.249377,414.9627198,180000,57445.35693,NA,82,83,4.38,0.47
NSE Outside,2013,Sister Lake SE Head,585,8,25,965,2,4,2629839,8186.495726,5597.115996,105000,71788.61374,NA,92,91,3.1,0.43
NSE Outside,2013,W Crawfish NE Arm Hd,755,11,25,965,2,5.5,2629839,4138.807946,1178.862482,230000,65511.22312,0,49,50,9.79,0.44
NSE Outside,2014,Ford Arm Creek,410,5,26,1906,2,2.5,1176370,563.0487805,179.6918787,115000,36701.20026,NA,82,83,4.38,0.47
NSE Outside,2014,Sister Lake SE Head,518,17,26,1906,2,8.5,1176370,7858.349421,5372.762012,155000,105973.6679,NA,92,91,3.1,0.43
NSE Outside,2014,W Crawfish NE Arm Hd,433,4,26,1906,2,2,1176370,3036.685912,864.9435145,103000,29337.6347,0,49,50,9.79,0.44
NSE Outside,2015,Ford Arm Creek,477,13,30,1089,2,6.5,2688586,1250.951782,399.2298424,45000,14361.33923,NA,82,83,4.38,0.47
NSE Outside,2015,Sister Lake SE Head,506,12,30,1089,2,6,2688586,3993.003956,2730.02113,138000,94350.74949,NA,92,91,3.1,0.43
NSE Outside,2015,W Crawfish NE Arm Hd,568,5,30,1089,2,2.5,2688586,6908.644364,1967.79888,72000,20507.86115,0,49,50,9.79,0.44
SSE,2008,Carroll Creek,190,0,0,20,1,0,2234182,1229,327.6898076,250000,66657.81277,NA,43,66,48.72,0.43
SSE,2008,Disappearance Creek,156,0,0,20,6,0,1256,35500,20078.43041,10000,5655.89589,NA,60,68,7.92,0.48
SSE,2009,Carroll Creek,202,6,16,416,2,3,3058587,4082.039602,1088.399326,190000,50659.9377,NA,43,66,48.72,0.43
SSE,2009,Disappearance Creek,235,3,16,416,6,0.5,0,25668.08512,14517.60171,14413,8151.842747,NA,60,68,7.92,0.48
SSE,2009,Fish Creek-Portland Canal,120,1,16,416,2,0.5,3058587,1665.999999,413.8706279,6754,1677.84047,NA,240,184,NA,NA
SSE,2009,Hidden Inlet,74,5,16,416,1,5,3058587,1864.864871,303.2315614,65000,10569.15801,NA,129,65,NA,NA
SSE,2009,Marten River,87,1,16,416,4,0.25,3058587,3954.022989,594.3475154,2.00E+05,30062.92664,NA,85,106,26.62,0.51
SSE,2010,Disappearance Creek,239,0,138,557,6,0,4235,45000,25451.53151,40000,22623.58356,NA,60,68,7.92,0.48
SSE,2010,Harding River,188,10,138,557,2,5,3738660,1088.829787,221.4521799,14900,3030.443803,NA,145,61,22.74,0.6
SSE,2010,Harris River,84,1,138,557,2,0.5,3738660,3458.333333,301.5123954,157000,13687.93622,NA,88,93,19.67,0.48
SSE,2010,Ketchikan Creek,188,124,138,557,2,62,3738660,680.8510638,293.0594297,13722.62,6972.248434,6.143772726,8,25,6.27,0.45
SSE,2010,Marten River,64,1,138,557,2,0.5,3738660,984.375,147.9659671,213000,32017.01688,NA,85,106,26.62,0.51
SSE,2010,Staney Creek,60,2,138,557,2,1,3738660,1933.333333,547.2417718,58000,16417.25316,NA,119,119,14.25,0.5
SSE,2011,Marten River,8,1,1,220,1,1,4860477,11375,1709.828953,260200,39111.86756,NA,85,106,26.62,0.51
SSE,2013,Carroll Creek,228,10,62,965,2,5,2706984,1912.280701,509.8737957,180000,47993.62519,NA,43,66,48.72,0.43
SSE,2013,Harding River,6,1,62,965,1,1,2706984,2916.666649,593.2076759,12400,2521.980077,NA,145,61,22.74,0.6
SSE,2013,Hidden Inlet,286,18,62,965,2,9,2706984,1218.181814,198.0793243,292000,47479.90983,NA,129,65,NA,NA
SSE,2013,King Creek,332,28,62,965,2,14,2706984,4578.313269,857.6628987,80000,14986.5306,NA,80,90,184.19,0.6
SSE,2013,Marten River,107,5,62,965,2,2.5,2706984,7626.168221,1146.324679,5.00E+05,75157.31661,NA,85,106,26.62,0.51
SSE,2014,Carroll Creek,372,7,36,1906,4,1.75,2444191,2511.827957,669.7318306,135000,35995.21889,NA,43,66,48.72,0.43
SSE,2014,Harding River,190,9,36,1906,2,4.5,2444191,1810,368.1277371,3800,772.8648624,NA,96,61,22.74,0.6
SSE,2014,Hidden Inlet,225,14,36,1906,4,3.5,2444191,267.2666667,43.45820971,75000,12195.18232,NA,129,65,NA,NA
SSE,2014,King Creek,201,5,36,1906,2,2.5,2444191,4875.621891,913.3582082,53800,10078.44183,NA,80,90,184.19,0.6
SSE,2014,Marten River,19,1,36,1906,2,0.5,2444191,473.6842105,71.20166837,450000,67641.58495,NA,85,106,26.62,0.51
SSE,2015,Carroll Creek,468,11,71,1089,2,5.5,5342236,17088.67521,4556.37485,45000,11998.4063,NA,43,66,48.72,0.43
SSE,2015,Harding River,89,11,71,1089,2,5.5,5342236,3330.337077,677.3422386,14000,2847.396862,NA,96,61,22.74,0.6
SSE,2015,Hidden Inlet,400,23,71,1089,2,11.5,5342236,3769.999996,613.011164,10500,1707.325525,NA,129,65,NA,NA
SSE,2015,King Creek,408,8,71,1089,4,2,5342236,6862.745093,1285.609242,34000,6369.275505,NA,80,90,184.19,0.6
SSE,2015,Marten River,575,18,71,1089,3,6,5342236,5037.217389,757.1674843,172000,25854.11691,NA,85,106,26.62,0.51